year,country,education_expenditures
2010,Saint Kitts And Nevis,9.9
2015,Solomon Islands,9.9
2019,Solomon Islands,9.9
2008,Yemen,9.6
2009,Yemen,9.6
2011,Moldova,9.6
2011,Saint Kitts And Nevis,9.6
2012,Moldova,9.6
2012,Saint Kitts And Nevis,9.6
2016,Botswana,9.6
2017,Botswana,9.6
2018,Botswana,9.6
2019,Botswana,9.6
2008,Vanuatu,9.5
2009,Vanuatu,9.5
2014,Botswana,9.5
2014,Sao Tome And Principe,9.5
2015,Botswana,9.5
2015,Sao Tome And Principe,9.5
2008,Uzbekistan,9.4
2009,Uzbekistan,9.4
2010,Uzbekistan,9.4
2014,Timor-Leste,9.4
2015,Timor-Leste,9.4
2008,Saint Kitts And Nevis,9.3
2009,Saint Kitts And Nevis,9.3
2008,Cuba,9.1
2009,Cuba,9.1
2011,Botswana,8.9
2012,Botswana,8.9
2008,Botswana,8.7
2009,Botswana,8.7
2010,Djibouti,8.7
2013,Denmark,8.7
2014,Denmark,8.7
2015,Denmark,8.7
2013,Moldova,8.6
2016,Swaziland,8.6
2017,Denmark,8.6
2015,Namibia,8.5
2016,Denmark,8.5
2008,Djibouti,8.4
2009,Djibouti,8.4
2011,Djibouti,8.4
2012,Djibouti,8.4
2013,Djibouti,8.4
2014,Djibouti,8.4
2014,Moldova,8.4
2014,Namibia,8.4
2017,Zimbabwe,8.4
2018,Zimbabwe,8.4
2008,Denmark,8.3
2008,Guyana,8.3
2009,Denmark,8.3
2009,Guyana,8.3
2011,Burundi,8.3
2012,Burundi,8.3
2013,Namibia,8.3
2014,Swaziland,8.3
2015,Moldova,8.3
2016,Namibia,8.3
2017,Malta,8.3
2017,Namibia,8.3
2018,Namibia,8.3
2010,Moldova,8.2
2013,Ghana,8.2
2013,Swaziland,8.2
2008,Saint Vincent And The Grenadines,8.1
2009,Saint Vincent And The Grenadines,8.1
2010,Botswana,8.1
2010,Maldives,8.1
2014,Ghana,8.1
2015,Ghana,8.1
2008,Maldives,8.0
2009,Maldives,8.0
2015,Malta,8.0
2010,Denmark,7.9
2010,Swaziland,7.9
2013,Cyprus,7.9
2017,Timor-Leste,7.9
2011,Denmark,7.8
2011,Swaziland,7.8
2012,Denmark,7.8
2012,Swaziland,7.8
2013,Botswana,7.8
2013,Iceland,7.8
2015,Swaziland,7.8
2017,Iceland,7.8
2018,Iceland,7.8
2016,Sweden,7.7
2016,Timor-Leste,7.7
2017,Sweden,7.7
2018,Norway,7.7
2018,Sweden,7.7
2019,Iceland,7.7
2008,Iceland,7.6
2008,Moldova,7.6
2009,Iceland,7.6
2009,Moldova,7.6
2010,Comoros,7.6
2011,Comoros,7.6
2012,Comoros,7.6
2013,Bolivia,7.6
2013,Comoros,7.6
2014,Comoros,7.6
2014,Iceland,7.6
2015,Comoros,7.6
2015,Thailand,7.6
2017,Costa Rica,7.6
2018,Denmark,7.6
2019,Denmark,7.6
2019,Norway,7.6
2019,Sweden,7.6
2010,Iceland,7.5
2013,Barbados,7.5
2016,Moldova,7.5
2017,Moldova,7.5
2018,Timor-Leste,7.5
2019,Zimbabwe,7.5
2011,Iceland,7.4
2012,Iceland,7.4
2014,New Zealand,7.4
2015,Iceland,7.4
2015,New Zealand,7.4
2016,Norway,7.4
2017,Bhutan,7.4
2017,Norway,7.4
2018,Belize,7.4
2018,Bhutan,7.4
2019,Costa Rica,7.4
2008,"Micronesia, Federated States Of",7.3
2008,Tunisia,7.3
2009,"Micronesia, Federated States Of",7.3
2009,Tunisia,7.3
2010,"Micronesia, Federated States Of",7.3
2013,Norway,7.3
2013,Solomon Islands,7.3
2013,Sweden,7.3
2014,Cyprus,7.3
2014,Palau,7.3
2014,Solomon Islands,7.3
2016,Bolivia,7.3
2017,Bolivia,7.3
2018,Bolivia,7.3
2019,Bolivia,7.3
2008,Norway,7.2
2009,Norway,7.2
2010,Burundi,7.2
2010,Tunisia,7.2
2013,Maldives,7.2
2013,New Zealand,7.2
2015,Cyprus,7.2
2016,Finland,7.2
2017,Finland,7.2
2017,Senegal,7.2
2018,Finland,7.2
2018,Malta,7.2
2019,Kyrgyzstan,7.2
2008,Sweden,7.1
2009,Sweden,7.1
2010,Cyprus,7.1
2010,Timor-Leste,7.1
2011,Tunisia,7.1
2012,Tunisia,7.1
2017,Swaziland,7.1
2018,Costa Rica,7.1
2018,Eswatini,7.1
2018,Senegal,7.1
2019,Belize,7.1
2019,Bhutan,7.1
2019,Eswatini,7.1
2019,Finland,7.1
2008,Bhutan,7.0
2008,Swaziland,7.0
2009,Bhutan,7.0
2009,Swaziland,7.0
2010,Kenya,7.0
2010,Saint Vincent And The Grenadines,7.0
2011,Kenya,7.0
2012,Kenya,7.0
2014,Sweden,7.0
2016,Costa Rica,7.0
2016,Iceland,7.0
2008,Barbados,6.9
2008,Israel,6.9
2008,Kenya,6.9
2008,Namibia,6.9
2009,Barbados,6.9
2009,Israel,6.9
2009,Kenya,6.9
2009,Namibia,6.9
2010,Namibia,6.9
2010,Vanuatu,6.9
2014,Bolivia,6.9
2014,Malta,6.9
2014,Norway,6.9
2014,Venezuela,6.9
2015,Costa Rica,6.9
2015,Venezuela,6.9
2016,Malawi,6.9
2016,Venezuela,6.9
2017,Venezuela,6.9
2018,Venezuela,6.9
2019,Venezuela,6.9
2008,Saudi Arabia,6.8
2009,Saudi Arabia,6.8
2010,Tanzania,6.8
2011,Norway,6.8
2011,Tanzania,6.8
2012,Norway,6.8
2012,Tanzania,6.8
2013,Finland,6.8
2014,Finland,6.8
2014,Kyrgyzstan,6.8
2014,Maldives,6.8
2015,Finland,6.8
2015,Kyrgyzstan,6.8
2015,Sweden,6.8
2016,Kyrgyzstan,6.8
2016,Malta,6.8
2016,Niger,6.8
2010,Barbados,6.7
2010,Norway,6.7
2010,Sweden,6.7
2011,Barbados,6.7
2012,Barbados,6.7
2013,Aruba,6.7
2013,Kenya,6.7
2014,Kenya,6.7
2015,Ukraine,6.7
2016,Barbados,6.7
2016,Ukraine,6.7
2016,United Kingdom,6.7
2017,Barbados,6.7
2017,Niger,6.7
2018,Moldova,6.7
2019,Moldova,6.7
2019,Oman,6.7
2008,Saint Lucia,6.6
2009,Saint Lucia,6.6
2010,Kyrgyzstan,6.6
2011,Saint Vincent And The Grenadines,6.6
2011,Sweden,6.6
2012,Saint Vincent And The Grenadines,6.6
2012,Sweden,6.6
2013,Belgium,6.6
2013,Belize,6.6
2013,Vietnam,6.6
2014,Belgium,6.6
2014,Belize,6.6
2015,Belize,6.6
2015,Kenya,6.6
2015,Morocco,6.6
2015,Norway,6.6
2016,Cyprus,6.6
2018,Belgium,6.6
2018,Tunisia,6.6
2019,Belgium,6.6
2019,Tunisia,6.6
2008,Fiji,6.5
2008,Seychelles,6.5
2009,Fiji,6.5
2009,Seychelles,6.5
2013,Ireland,6.5
2015,Belgium,6.5
2016,Mozambique,6.5
2017,Mozambique,6.5
2018,Aruba,6.5
2018,Mozambique,6.5
2019,Mozambique,6.5
2008,Bolivia,6.4
2008,Finland,6.4
2009,Bolivia,6.4
2009,Finland,6.4
2010,Israel,6.4
2011,Malta,6.4
2011,Namibia,6.4
2012,Malta,6.4
2012,Namibia,6.4
2013,Jamaica,6.4
2014,Ireland,6.4
2015,Bolivia,6.4
2016,Belgium,6.4
2016,New Zealand,6.4
2016,Puerto Rico,6.4
2017,Belgium,6.4
2017,Cyprus,6.4
2017,Puerto Rico,6.4
2019,Cyprus,6.4
2019,Lesotho,6.4
2019,Uzbekistan,6.4
2008,Cape Verde,6.3
2008,Cyprus,6.3
2008,Ukraine,6.3
2009,Cape Verde,6.3
2009,Cyprus,6.3
2009,Ukraine,6.3
2010,Bolivia,6.3
2010,Saint Lucia,6.3
2011,Bolivia,6.3
2011,Costa Rica,6.3
2012,Bolivia,6.3
2012,Costa Rica,6.3
2013,Costa Rica,6.3
2014,Argentina,6.3
2014,Costa Rica,6.3
2014,Vietnam,6.3
2015,Jamaica,6.3
2015,Vietnam,6.3
2016,Vietnam,6.3
2017,New Zealand,6.3
2017,Tunisia,6.3
2018,British Virgin Islands,6.3
2018,New Zealand,6.3
2019,British Virgin Islands,6.3
2019,Guyana,6.3
2019,New Zealand,6.3
2008,Malaysia,6.2
2008,New Zealand,6.2
2009,Malaysia,6.2
2009,New Zealand,6.2
2010,Fiji,6.2
2010,Jamaica,6.2
2010,New Zealand,6.2
2011,Fiji,6.2
2012,Fiji,6.2
2013,"Congo, Republic Of The",6.2
2013,Tanzania,6.2
2013,Tunisia,6.2
2014,"Congo, Republic Of The",6.2
2014,Tanzania,6.2
2014,Tunisia,6.2
2014,Ukraine,6.2
2014,United Kingdom,6.2
2015,"Congo, Republic Of The",6.2
2015,Ireland,6.2
2015,Maldives,6.2
2015,South Africa,6.2
2015,Tanzania,6.2
2015,Tunisia,6.2
2016,Belize,6.2
2016,"Congo, Republic Of The",6.2
2016,Tunisia,6.2
2017,Belize,6.2
2017,"Congo, Republic Of The",6.2
2017,Ghana,6.2
2018,"Congo, Republic Of The",6.2
2018,Ghana,6.2
2018,Oman,6.2
2019,Brazil,6.2
2019,Senegal,6.2
2008,Belarus,6.1
2009,Belarus,6.1
2010,Belgium,6.1
2010,Guyana,6.1
2011,Guyana,6.1
2011,New Zealand,6.1
2012,Guyana,6.1
2012,New Zealand,6.1
2013,Burundi,6.1
2013,Estonia,6.1
2014,Jamaica,6.1
2016,Malaysia,6.1
2016,South Africa,6.1
2017,Aruba,6.1
2017,South Africa,6.1
2018,Cyprus,6.1
2019,Aruba,6.1
2019,Puerto Rico,6.1
2019,South Africa,6.1
2011,Belgium,6.01
2008,Belgium,6.0
2008,Ethiopia,6.0
2008,Slovenia,6.0
2008,Sudan,6.0
2009,Belgium,6.0
2009,Ethiopia,6.0
2009,Slovenia,6.0
2009,Sudan,6.0
2010,Sudan,6.0
2012,Belgium,6.0
2013,Austria,6.0
2013,South Africa,6.0
2014,Aruba,6.0
2014,South Africa,6.0
2015,Aruba,6.0
2015,United Kingdom,6.0
2016,Aruba,6.0
2016,Ghana,6.0
2016,Jamaica,6.0
2017,Brazil,6.0
2017,Ukraine,6.0
2018,Kyrgyzstan,6.0
2018,Niger,6.0
2018,Puerto Rico,6.0
2019,Honduras,6.0
2011,Cape Verde,5.9
2011,Finland,5.9
2011,Israel,5.9
2011,Kyrgyzstan,5.9
2012,Cape Verde,5.9
2012,Finland,5.9
2012,Israel,5.9
2012,Kyrgyzstan,5.9
2013,France,5.9
2013,Israel,5.9
2013,Netherlands,5.9
2014,Austria,5.9
2014,Malaysia,5.9
2014,Netherlands,5.9
2015,France,5.9
2015,Malaysia,5.9
2015,Netherlands,5.9
2016,Bhutan,5.9
2016,Brazil,5.9
2016,Honduras,5.9
2016,Israel,5.9
2017,Honduras,5.9
2017,Israel,5.9
2018,Argentina,5.9
2018,Brazil,5.9
2018,Honduras,5.9
2018,South Africa,5.9
2018,Ukraine,5.9
2019,Israel,5.9
2008,Malawi,5.8
2008,Switzerland,5.8
2009,Malawi,5.8
2009,Switzerland,5.8
2011,Jamaica,5.8
2011,Senegal,5.8
2012,Jamaica,5.8
2012,Senegal,5.8
2013,Argentina,5.8
2013,Kyrgyzstan,5.8
2013,Montserrat,5.8
2013,Portugal,5.8
2013,Samoa,5.8
2014,Brazil,5.8
2014,Burundi,5.8
2014,Samoa,5.8
2014,Thailand,5.8
2015,Austria,5.8
2015,Brazil,5.8
2015,Burundi,5.8
2015,Samoa,5.8
2016,Ireland,5.8
2017,United Kingdom,5.8
2018,Saint Vincent And The Grenadines,5.8
2019,Czechia,5.8
2019,Saint Vincent And The Grenadines,5.8
2008,France,5.7
2009,France,5.7
2010,Cape Verde,5.7
2010,Morocco,5.7
2010,Saudi Arabia,5.7
2011,Belize,5.7
2011,Samoa,5.7
2012,Belize,5.7
2012,Samoa,5.7
2013,Lithuania,5.7
2013,Slovenia,5.7
2014,Estonia,5.7
2014,Slovenia,5.7
2015,Slovenia,5.7
2016,Slovenia,5.7
2017,Maldives,5.7
2017,Vietnam,5.7
2018,Gaza Strip,5.7
2018,Israel,5.7
2018,Saint Lucia,5.7
2018,Vietnam,5.7
2018,West Bank,5.7
2019,Saint Lucia,5.7
2019,Vietnam,5.7
2008,United Kingdom,5.6
2009,United Kingdom,5.6
2010,France,5.6
2010,United Kingdom,5.6
2011,France,5.6
2011,Mongolia,5.6
2011,Morocco,5.6
2011,Saudi Arabia,5.6
2012,France,5.6
2012,Mongolia,5.6
2012,Morocco,5.6
2012,Saudi Arabia,5.6
2013,Brazil,5.6
2013,Cape Verde,5.6
2013,Saudi Arabia,5.6
2013,Senegal,5.6
2013,United Kingdom,5.6
2014,Australia,5.6
2014,Barbados,5.6
2014,Israel,5.6
2014,Portugal,5.6
2014,Senegal,5.6
2015,Barbados,5.6
2015,Israel,5.6
2015,Senegal,5.6
2016,Austria,5.6
2016,Netherlands,5.6
2016,Senegal,5.6
2017,Austria,5.6
2017,Malawi,5.6
2017,Netherlands,5.6
2018,United Kingdom,5.6
2019,Argentina,5.6
2008,Hungary,5.5
2008,Mexico,5.5
2008,Poland,5.5
2008,Portugal,5.5
2009,Hungary,5.5
2009,Mexico,5.5
2009,Poland,5.5
2009,Portugal,5.5
2010,Ethiopia,5.5
2010,Netherlands,5.5
2010,United States,5.5
2011,Ethiopia,5.5
2011,United Kingdom,5.5
2011,United States,5.5
2012,Ethiopia,5.5
2012,United Kingdom,5.5
2012,United States,5.5
2013,Mongolia,5.5
2014,Mongolia,5.5
2015,Bhutan,5.5
2015,Mongolia,5.5
2016,France,5.5
2016,Kenya,5.5
2017,Argentina,5.5
2017,France,5.5
2017,Kyrgyzstan,5.5
2017,Slovenia,5.5
2018,Estonia,5.5
2018,France,5.5
2018,Netherlands,5.5
2018,Vanuatu,5.5
2019,Austria,5.5
2019,France,5.5
2019,United Kingdom,5.5
2008,Austria,5.4
2008,Ghana,5.4
2008,South Africa,5.4
2009,Austria,5.4
2009,Ghana,5.4
2009,South Africa,5.4
2010,Austria,5.4
2010,Finland,5.4
2010,Ghana,5.4
2010,Hungary,5.4
2010,Samoa,5.4
2010,South Africa,5.4
2011,Austria,5.4
2011,Ghana,5.4
2011,South Africa,5.4
2012,Austria,5.4
2012,Ghana,5.4
2012,South Africa,5.4
2013,Benin,5.4
2013,Malawi,5.4
2013,Malta,5.4
2013,Morocco,5.4
2013,Switzerland,5.4
2013,United States,5.4
2014,Canada,5.4
2014,Lithuania,5.4
2014,Malawi,5.4
2014,Morocco,5.4
2014,United States,5.4
2015,Malawi,5.4
2016,Burundi,5.4
2017,Burundi,5.4
2017,Jamaica,5.4
2018,Austria,5.4
2018,Burundi,5.4
2018,Cabo Verde,5.4
2018,Jamaica,5.4
2019,Chile,5.4
2019,Netherlands,5.4
2008,Belize,5.3
2008,Jamaica,5.3
2008,Netherlands,5.3
2008,United States,5.3
2009,Belize,5.3
2009,Jamaica,5.3
2009,Netherlands,5.3
2009,United States,5.3
2010,Switzerland,5.3
2010,Ukraine,5.3
2010,Vietnam,5.3
2011,Netherlands,5.3
2011,Ukraine,5.3
2011,Vietnam,5.3
2012,Netherlands,5.3
2012,Ukraine,5.3
2012,Vietnam,5.3
2013,Belarus,5.3
2013,Mexico,5.3
2013,Ukraine,5.3
2014,Benin,5.3
2015,Benin,5.3
2015,Canada,5.3
2015,Portugal,5.3
2015,Switzerland,5.3
2016,Argentina,5.3
2016,Australia,5.3
2016,Canada,5.3
2016,Morocco,5.3
2017,Australia,5.3
2017,Canada,5.3
2017,Ireland,5.3
2017,Kenya,5.3
2017,Morocco,5.3
2017,Portugal,5.3
2017,Togo,5.3
2018,Canada,5.3
2018,Kenya,5.3
2018,Latvia,5.3
2018,Mexico,5.3
2018,Morocco,5.3
2018,Slovenia,5.3
2019,Australia,5.3
2019,Canada,5.3
2019,Gaza Strip,5.3
2019,Jamaica,5.3
2019,"Korea, South",5.3
2019,Latvia,5.3
2019,Malta,5.3
2019,Morocco,5.3
2019,West Bank,5.3
2008,Brunei,5.2
2008,Canada,5.2
2008,Grenada,5.2
2008,Guinea-Bissau,5.2
2008,Uganda,5.2
2009,Brunei,5.2
2009,Canada,5.2
2009,Grenada,5.2
2009,Guinea-Bissau,5.2
2009,Uganda,5.2
2010,Belarus,5.2
2010,Brazil,5.2
2010,Grenada,5.2
2010,Guinea-Bissau,5.2
2010,Slovenia,5.2
2010,Yemen,5.2
2011,Hungary,5.2
2011,Slovenia,5.2
2011,Switzerland,5.2
2011,Yemen,5.2
2012,Hungary,5.2
2012,Slovenia,5.2
2012,Switzerland,5.2
2012,Yemen,5.2
2013,Vanuatu,5.2
2013,Yemen,5.2
2014,Poland,5.2
2014,Switzerland,5.2
2014,Yemen,5.2
2015,Estonia,5.2
2015,Lithuania,5.2
2015,United States,5.2
2016,Maldives,5.2
2016,Mexico,5.2
2016,United States,5.2
2017,Mexico,5.2
2017,Tajikistan,5.2
2018,Australia,5.2
2018,Mongolia,5.2
2018,Tajikistan,5.2
2019,Cabo Verde,5.2
2019,Estonia,5.2
2019,Kenya,5.2
2019,Mexico,5.2
2019,Tajikistan,5.2
2008,Algeria,5.1
2008,Burundi,5.1
2008,Estonia,5.1
2008,Iran,5.1
2008,Latvia,5.1
2008,Malta,5.1
2009,Algeria,5.1
2009,Burundi,5.1
2009,Estonia,5.1
2009,Iran,5.1
2009,Latvia,5.1
2009,Malta,5.1
2010,Belize,5.1
2010,Bhutan,5.1
2010,Mongolia,5.1
2010,Senegal,5.1
2013,Australia,5.1
2013,Germany,5.1
2013,Hungary,5.1
2013,"Korea, South",5.1
2013,Malaysia,5.1
2013,Poland,5.1
2013,Saint Vincent And The Grenadines,5.1
2013,Syria,5.1
2014,Belarus,5.1
2014,Germany,5.1
2014,Mexico,5.1
2014,Rwanda,5.1
2014,Saint Vincent And The Grenadines,5.1
2014,Saudi Arabia,5.1
2014,Syria,5.1
2015,Argentina,5.1
2015,Australia,5.1
2015,Belarus,5.1
2015,Mexico,5.1
2015,Rwanda,5.1
2015,Saint Vincent And The Grenadines,5.1
2015,Saudi Arabia,5.1
2016,Comoros,5.1
2016,Montserrat,5.1
2016,Portugal,5.1
2016,Saint Vincent And The Grenadines,5.1
2016,Samoa,5.1
2016,Saudi Arabia,5.1
2016,Switzerland,5.1
2016,Syria,5.1
2017,Comoros,5.1
2017,Montserrat,5.1
2017,Saint Vincent And The Grenadines,5.1
2017,Samoa,5.1
2017,Saudi Arabia,5.1
2017,Switzerland,5.1
2017,Syria,5.1
2018,Barbados,5.1
2018,"Korea, South",5.1
2018,Mauritius,5.1
2018,Montserrat,5.1
2018,Portugal,5.1
2018,Saudi Arabia,5.1
2018,Switzerland,5.1
2018,Syria,5.1
2018,Togo,5.1
2019,Montserrat,5.1
2019,Nepal,5.1
2019,Switzerland,5.1
2019,Syria,5.1
2019,Togo,5.1
2011,Brazil,5.08
2008,Dominica,5.0
2008,Lithuania,5.0
2008,Mongolia,5.0
2008,Mozambique,5.0
2008,Senegal,5.0
2008,Tonga,5.0
2009,Dominica,5.0
2009,Lithuania,5.0
2009,Mongolia,5.0
2009,Mozambique,5.0
2009,Senegal,5.0
2009,Tonga,5.0
2010,Costa Rica,5.0
2010,Estonia,5.0
2010,Latvia,5.0
2010,Mozambique,5.0
2010,Seychelles,5.0
2011,Aruba,5.0
2011,Latvia,5.0
2011,Mozambique,5.0
2011,Seychelles,5.0
2012,Aruba,5.0
2012,Brazil,5.0
2012,Latvia,5.0
2012,Mozambique,5.0
2012,Seychelles,5.0
2013,Canada,5.0
2013,Latvia,5.0
2013,Mozambique,5.0
2013,Spain,5.0
2014,Cabo Verde,5.0
2014,"Korea, South",5.0
2014,Latvia,5.0
2014,Mozambique,5.0
2014,Spain,5.0
2014,Vanuatu,5.0
2015,Cabo Verde,5.0
2015,Germany,5.0
2015,Mozambique,5.0
2015,Paraguay,5.0
2015,Spain,5.0
2015,Vanuatu,5.0
2016,Belarus,5.0
2016,Cabo Verde,5.0
2016,Mauritius,5.0
2016,Oman,5.0
2016,Paraguay,5.0
2016,Rwanda,5.0
2017,Cabo Verde,5.0
2017,Malaysia,5.0
2017,Mauritius,5.0
2017,Oman,5.0
2017,Paraguay,5.0
2017,Rwanda,5.0
2018,Belarus,5.0
2018,Ecuador,5.0
2018,Paraguay,5.0
2018,United States,5.0
2019,Ecuador,5.0
2019,Mauritius,5.0
2019,Ukraine,5.0
2019,United States,5.0
2008,Costa Rica,4.9
2008,Jordan,4.9
2008,Kyrgyzstan,4.9
2009,Costa Rica,4.9
2009,Jordan,4.9
2009,Kyrgyzstan,4.9
2010,Argentina,4.9
2010,Aruba,4.9
2010,Canada,4.9
2010,Ireland,4.9
2010,Jordan,4.9
2010,Poland,4.9
2010,Syria,4.9
2010,Thailand,4.9
2011,Argentina,4.9
2011,Canada,4.9
2011,Estonia,4.9
2011,Grenada,4.9
2011,Ireland,4.9
2011,Poland,4.9
2011,Syria,4.9
2012,Argentina,4.9
2012,Canada,4.9
2012,Estonia,4.9
2012,Grenada,4.9
2012,Ireland,4.9
2012,Poland,4.9
2012,Syria,4.9
2013,Ecuador,4.9
2014,Hungary,4.9
2015,Colombia,4.9
2015,"Korea, South",4.9
2015,Latvia,4.9
2015,Poland,4.9
2015,Syria,4.9
2016,Curacao,4.9
2016,Germany,4.9
2016,Latvia,4.9
2016,Vanuatu,4.9
2017,Belarus,4.9
2017,Curacao,4.9
2017,Ecuador,4.9
2017,Germany,4.9
2017,Latvia,4.9
2017,Poland,4.9
2017,United States,4.9
2017,Vanuatu,4.9
2018,Chile,4.9
2018,Curacao,4.9
2018,Germany,4.9
2018,Ireland,4.9
2018,Poland,4.9
2019,Curacao,4.9
2019,Portugal,4.9
2019,Sao Tome And Principe,4.9
2019,Slovenia,4.9
2008,Aruba,4.8
2009,Aruba,4.8
2010,Dominica,4.8
2010,Iran,4.8
2010,Malta,4.8
2010,Mexico,4.8
2011,Bhutan,4.8
2011,Colombia,4.8
2011,Mexico,4.8
2011,Vanuatu,4.8
2012,Bhutan,4.8
2012,Colombia,4.8
2012,Mexico,4.8
2012,Vanuatu,4.8
2013,Mali,4.8
2013,Rwanda,4.8
2013,Seychelles,4.8
2014,Mali,4.8
2014,Paraguay,4.8
2014,Serbia,4.8
2015,Mali,4.8
2015,Serbia,4.8
2016,Lithuania,4.8
2016,Poland,4.8
2016,Saint Lucia,4.8
2016,Togo,4.8
2017,Chile,4.8
2017,Estonia,4.8
2017,Saint Lucia,4.8
2017,Turkey,4.8
2018,Cote D'Ivoire,4.8
2018,Malaysia,4.8
2019,Belarus,4.8
2019,Germany,4.8
2019,Poland,4.8
2008,Colombia,4.7
2008,Ireland,4.7
2009,Colombia,4.7
2009,Ireland,4.7
2010,Australia,4.7
2010,Lithuania,4.7
2010,Tonga,4.7
2011,Dominica,4.7
2011,Iran,4.7
2011,Lithuania,4.7
2011,Serbia,4.7
2012,Dominica,4.7
2012,Iran,4.7
2012,Lithuania,4.7
2012,Serbia,4.7
2013,Bhutan,4.7
2013,Ethiopia,4.7
2013,Iran,4.7
2013,Italy,4.7
2013,Nepal,4.7
2013,Nicaragua,4.7
2013,Serbia,4.7
2014,Bhutan,4.7
2014,Ethiopia,4.7
2014,Nepal,4.7
2015,Ethiopia,4.7
2015,Hungary,4.7
2015,Nepal,4.7
2015,Saint Lucia,4.7
2016,Colombia,4.7
2016,Cote D'Ivoire,4.7
2016,Estonia,4.7
2016,Nepal,4.7
2017,Cote D'Ivoire,4.7
2018,Cook Islands,4.7
2018,Malawi,4.7
2019,Barbados,4.7
2019,Cook Islands,4.7
2019,Ethiopia,4.7
2019,Malaysia,4.7
2019,Vanuatu,4.7
2008,Cote D'Ivoire,4.6
2008,Germany,4.6
2008,"Korea, South",4.6
2008,Zimbabwe,4.6
2009,Cote D'Ivoire,4.6
2009,Germany,4.6
2009,"Korea, South",4.6
2009,Zimbabwe,4.6
2010,Burkina Faso,4.6
2010,Cote D'Ivoire,4.6
2010,Czech Republic,4.6
2010,Zimbabwe,4.6
2011,Burkina Faso,4.6
2011,Cote D'Ivoire,4.6
2011,Croatia,4.6
2011,Nepal,4.6
2011,Togo,4.6
2012,Burkina Faso,4.6
2012,Cote D'Ivoire,4.6
2012,Croatia,4.6
2012,Nepal,4.6
2012,Togo,4.6
2013,Bulgaria,4.6
2013,Cote D'Ivoire,4.6
2013,Togo,4.6
2014,Cote D'Ivoire,4.6
2014,Nicaragua,4.6
2015,Chile,4.6
2015,Cote D'Ivoire,4.6
2015,Yemen,4.6
2016,Chile,4.6
2016,Hungary,4.6
2016,"Korea, South",4.6
2016,Mongolia,4.6
2016,Yemen,4.6
2017,Croatia,4.6
2017,"Korea, South",4.6
2017,Lithuania,4.6
2017,Mongolia,4.6
2017,Yemen,4.6
2018,Croatia,4.6
2018,Hungary,4.6
2018,Slovakia,4.6
2018,Yemen,4.6
2019,"Congo, Republic Of The",4.6
2019,Croatia,4.6
2019,Hungary,4.6
2019,Sierra Leone,4.6
2019,Slovakia,4.6
2008,Australia,4.5
2008,Bulgaria,4.5
2008,Croatia,4.5
2008,Italy,4.5
2008,Mali,4.5
2009,Australia,4.5
2009,Bulgaria,4.5
2009,Croatia,4.5
2009,Italy,4.5
2009,Mali,4.5
2010,Malaysia,4.5
2010,Serbia,4.5
2011,Australia,4.5
2011,Belarus,4.5
2011,Germany,4.5
2011,Hong Kong,4.5
2011,Niger,4.5
2011,Saint Lucia,4.5
2012,Australia,4.5
2012,Belarus,4.5
2012,Germany,4.5
2012,Hong Kong,4.5
2012,Niger,4.5
2012,Saint Lucia,4.5
2013,Colombia,4.5
2013,Niger,4.5
2014,Chile,4.5
2014,Italy,4.5
2014,Togo,4.5
2014,Uruguay,4.5
2015,Czech Republic,4.5
2015,Djibouti,4.5
2016,Burkina Faso,4.5
2016,Djibouti,4.5
2016,Ethiopia,4.5
2016,Nicaragua,4.5
2017,Colombia,4.5
2017,Djibouti,4.5
2017,Ethiopia,4.5
2017,Nicaragua,4.5
2018,Colombia,4.5
2018,Djibouti,4.5
2018,Ethiopia,4.5
2018,Lithuania,4.5
2018,Nicaragua,4.5
2019,Djibouti,4.5
2019,Ghana,4.5
2019,Paraguay,4.5
2008,Benin,4.4
2008,Czech Republic,4.4
2008,Greece,4.4
2008,Monaco,4.4
2009,Benin,4.4
2009,Czech Republic,4.4
2009,Greece,4.4
2009,Monaco,4.4
2010,Germany,4.4
2010,Mauritania,4.4
2010,Monaco,4.4
2010,Portugal,4.4
2010,Romania,4.4
2010,Spain,4.4
2011,Mali,4.4
2011,Mauritania,4.4
2011,Portugal,4.4
2012,Mali,4.4
2012,Mauritania,4.4
2012,Portugal,4.4
2013,Croatia,4.4
2013,Czech Republic,4.4
2013,Saint Lucia,4.4
2014,British Virgin Islands,4.4
2014,Colombia,4.4
2014,Ecuador,4.4
2015,British Virgin Islands,4.4
2015,Ecuador,4.4
2015,Nicaragua,4.4
2015,Niger,4.4
2015,Uruguay,4.4
2016,Benin,4.4
2016,British Virgin Islands,4.4
2016,Serbia,4.4
2016,Uruguay,4.4
2017,British Virgin Islands,4.4
2017,Uruguay,4.4
2018,Benin,4.4
2018,Brunei,4.4
2018,Turkey,4.4
2018,Uruguay,4.4
2019,Brunei,4.4
2019,Colombia,4.4
2019,Cote D'Ivoire,4.4
2019,Seychelles,4.4
2019,Uruguay,4.4
2008,Samoa,4.3
2009,Samoa,4.3
2010,Algeria,4.3
2010,Italy,4.3
2011,Algeria,4.3
2011,Italy,4.3
2011,Kosovo,4.3
2011,Romania,4.3
2011,Sierra Leone,4.3
2011,Spain,4.3
2012,Algeria,4.3
2012,Italy,4.3
2012,Kosovo,4.3
2012,Romania,4.3
2012,Sierra Leone,4.3
2012,Spain,4.3
2013,Algeria,4.3
2013,British Virgin Islands,4.3
2013,Kosovo,4.3
2013,Oman,4.3
2013,Romania,4.3
2014,Algeria,4.3
2014,Croatia,4.3
2014,Kosovo,4.3
2014,Oman,4.3
2015,Algeria,4.3
2015,Italy,4.3
2016,Algeria,4.3
2016,Czechia,4.3
2016,Mali,4.3
2016,Spain,4.3
2017,Algeria,4.3
2017,Benin,4.3
2017,Spain,4.3
2018,Algeria,4.3
2018,Comoros,4.3
2018,Maldives,4.3
2018,Spain,4.3
2019,Burundi,4.3
2019,Comoros,4.3
2019,Maldives,4.3
2019,Nicaragua,4.3
2019,Spain,4.3
2019,Turkey,4.3
2008,Burkina Faso,4.2
2008,Egypt,4.2
2008,Spain,4.2
2008,Thailand,4.2
2008,Trinidad And Tobago,4.2
2009,Burkina Faso,4.2
2009,Egypt,4.2
2009,Spain,4.2
2009,Thailand,4.2
2009,Trinidad And Tobago,4.2
2010,"Korea, South",4.2
2010,Malawi,4.2
2010,Trinidad And Tobago,4.2
2011,Czech Republic,4.2
2011,"Korea, South",4.2
2011,Malawi,4.2
2012,Czech Republic,4.2
2012,"Korea, South",4.2
2012,Malawi,4.2
2013,Chile,4.2
2013,Saint Kitts And Nevis,4.2
2014,Czech Republic,4.2
2014,Fiji,4.2
2014,Niger,4.2
2014,Romania,4.2
2014,Saint Kitts And Nevis,4.2
2014,Slovakia,4.2
2015,Croatia,4.2
2015,Fiji,4.2
2015,Oman,4.2
2015,Saint Kitts And Nevis,4.2
2016,Croatia,4.2
2016,Ecuador,4.2
2016,Laos,4.2
2016,Russia,4.2
2016,Saint Kitts And Nevis,4.2
2017,Hungary,4.2
2017,Italy,4.2
2017,Saint Kitts And Nevis,4.2
2017,Serbia,4.2
2018,Burkina Faso,4.2
2019,Burkina Faso,4.2
2019,Lithuania,4.2
2010,Bulgaria,4.1
2010,Rwanda,4.1
2011,Bulgaria,4.1
2011,Cyprus,4.1
2011,Malaysia,4.1
2011,Rwanda,4.1
2011,Thailand,4.1
2012,Bulgaria,4.1
2012,Cyprus,4.1
2012,Malaysia,4.1
2012,Rwanda,4.1
2012,Thailand,4.1
2013,Fiji,4.1
2013,Greece,4.1
2013,Panama,4.1
2013,Paraguay,4.1
2013,Russia,4.1
2013,Slovakia,4.1
2014,Bulgaria,4.1
2014,"Gambia, The",4.1
2014,Greece,4.1
2014,Russia,4.1
2014,Saint Lucia,4.1
2015,"Gambia, The",4.1
2015,Greece,4.1
2015,Russia,4.1
2015,Slovakia,4.1
2016,Greece,4.1
2016,Italy,4.1
2016,Slovakia,4.1
2016,Thailand,4.1
2017,Bulgaria,4.1
2017,Czechia,4.1
2017,Luxembourg,4.1
2017,Slovakia,4.1
2017,Thailand,4.1
2018,Bulgaria,4.1
2018,Italy,4.1
2018,Samoa,4.1
2018,Thailand,4.1
2019,Bulgaria,4.1
2019,Italy,4.1
2019,Mongolia,4.1
2019,Samoa,4.1
2019,Thailand,4.1
2008,Anguilla,4.0
2008,Brazil,4.0
2008,Oman,4.0
2008,Paraguay,4.0
2008,Turkey,4.0
2009,Anguilla,4.0
2009,Brazil,4.0
2009,Oman,4.0
2009,Paraguay,4.0
2009,Turkey,4.0
2010,Greece,4.0
2010,Oman,4.0
2010,Paraguay,4.0
2011,Chile,4.0
2011,Greece,4.0
2011,Paraguay,4.0
2012,Chile,4.0
2012,Greece,4.0
2012,Paraguay,4.0
2013,Burkina Faso,4.0
2015,Tajikistan,4.0
2015,Togo,4.0
2016,Tajikistan,4.0
2017,Cook Islands,4.0
2018,Czechia,4.0
2018,Luxembourg,4.0
2018,Serbia,4.0
2019,Albania,4.0
2019,Benin,4.0
2019,Malawi,4.0
2008,Antigua And Barbuda,3.9
2008,Bahrain,3.9
2008,Hong Kong,3.9
2008,Mauritius,3.9
2008,Slovakia,3.9
2008,Syria,3.9
2008,Turkmenistan,3.9
2009,Antigua And Barbuda,3.9
2009,Bahrain,3.9
2009,Hong Kong,3.9
2009,Mauritius,3.9
2009,Slovakia,3.9
2009,Syria,3.9
2009,Turkmenistan,3.9
2010,Antigua And Barbuda,3.9
2010,Colombia,3.9
2010,Croatia,3.9
2010,Russia,3.9
2010,Turkmenistan,3.9
2011,Oman,3.9
2011,Russia,3.9
2011,Tonga,3.9
2012,Oman,3.9
2012,Russia,3.9
2012,Tonga,3.9
2013,"Gambia, The",3.9
2013,Grenada,3.9
2013,Mauritania,3.9
2013,Tajikistan,3.9
2013,Tonga,3.9
2014,Grenada,3.9
2014,Tajikistan,3.9
2014,Tonga,3.9
2016,Cook Islands,3.9
2016,Fiji,3.9
2016,Sao Tome And Principe,3.9
2017,Burkina Faso,3.9
2017,Fiji,3.9
2017,Peru,3.9
2017,Russia,3.9
2017,Sao Tome And Principe,3.9
2018,Fiji,3.9
2018,Jordan,3.9
2019,Afghanistan,3.9
2019,Fiji,3.9
2019,Luxembourg,3.9
2019,Peru,3.9
2019,Serbia,3.9
2008,Argentina,3.8
2008,Comoros,3.8
2008,Gabon,3.8
2008,Honduras,3.8
2008,Kuwait,3.8
2008,Panama,3.8
2008,Russia,3.8
2008,Rwanda,3.8
2008,Sierra Leone,3.8
2009,Argentina,3.8
2009,Comoros,3.8
2009,Gabon,3.8
2009,Honduras,3.8
2009,Kuwait,3.8
2009,Panama,3.8
2009,Russia,3.8
2009,Rwanda,3.8
2009,Sierra Leone,3.8
2010,Egypt,3.8
2010,Gabon,3.8
2010,Honduras,3.8
2010,Kuwait,3.8
2010,Mali,3.8
2010,Nepal,3.8
2010,Panama,3.8
2010,Sierra Leone,3.8
2011,Egypt,3.8
2011,Kuwait,3.8
2011,Panama,3.8
2012,Egypt,3.8
2012,Kuwait,3.8
2012,Panama,3.8
2013,Egypt,3.8
2013,Japan,3.8
2013,Kuwait,3.8
2013,Luxembourg,3.8
2013,Thailand,3.8
2014,Egypt,3.8
2014,Japan,3.8
2014,Kuwait,3.8
2015,Brunei,3.8
2015,Bulgaria,3.8
2015,Dominican Republic,3.8
2015,Egypt,3.8
2015,Hong Kong,3.8
2015,India,3.8
2015,Japan,3.8
2015,Kuwait,3.8
2015,Mauritania,3.8
2016,Brunei,3.8
2016,Egypt,3.8
2016,India,3.8
2016,Japan,3.8
2016,Kuwait,3.8
2017,Egypt,3.8
2017,India,3.8
2017,Japan,3.8
2018,Egypt,3.8
2018,Georgia,3.8
2018,India,3.8
2018,Mali,3.8
2018,Peru,3.8
2018,Russia,3.8
2019,El Salvador,3.8
2019,Georgia,3.8
2019,India,3.8
2019,Iran,3.8
2019,Ireland,3.8
2019,Liberia,3.8
2019,Russia,3.8
2008,British Virgin Islands,3.7
2008,Singapore,3.7
2008,Venezuela,3.7
2009,British Virgin Islands,3.7
2009,Singapore,3.7
2009,Venezuela,3.7
2010,Brunei,3.7
2010,Japan,3.7
2010,Luxembourg,3.7
2010,Niger,3.7
2010,Togo,3.7
2010,Venezuela,3.7
2011,Cameroon,3.7
2011,Venezuela,3.7
2012,Cameroon,3.7
2012,Venezuela,3.7
2013,Mauritius,3.7
2014,Iran,3.7
2014,Luxembourg,3.7
2014,Mauritania,3.7
2015,Iran,3.7
2015,Mauritius,3.7
2016,Peru,3.7
2017,Brunei,3.7
2017,Nepal,3.7
2018,Nepal,3.7
2018,Sao Tome And Principe,3.7
2008,"Bahamas, The",3.6
2008,Dominican Republic,3.6
2008,Indonesia,3.6
2009,"Bahamas, The",3.6
2009,Dominican Republic,3.6
2009,Indonesia,3.6
2010,"Bahamas, The",3.6
2010,Benin,3.6
2010,El Salvador,3.6
2010,Slovakia,3.6
2011,El Salvador,3.6
2011,Slovakia,3.6
2012,El Salvador,3.6
2012,Slovakia,3.6
2013,Guyana,3.6
2013,Sierra Leone,3.6
2013,Venezuela,3.6
2014,Seychelles,3.6
2015,Indonesia,3.6
2015,Seychelles,3.6
2016,Hong Kong,3.6
2016,Seychelles,3.6
2017,Mali,3.6
2017,Seychelles,3.6
2018,Indonesia,3.6
2018,Japan,3.6
2018,Qatar,3.6
2018,Seychelles,3.6
2019,Indonesia,3.6
2019,Jordan,3.6
2016,Albania,3.54
2008,Japan,3.5
2008,Macedonia,3.5
2008,Romania,3.5
2009,Japan,3.5
2009,Macedonia,3.5
2009,Romania,3.5
2010,Anguilla,3.5
2010,Indonesia,3.5
2010,Macedonia,3.5
2010,Tajikistan,3.5
2011,Anguilla,3.5
2011,Benin,3.5
2011,Japan,3.5
2011,Tajikistan,3.5
2012,Anguilla,3.5
2012,Benin,3.5
2012,Japan,3.5
2012,Tajikistan,3.5
2013,Angola,3.5
2013,Anguilla,3.5
2013,Dominica,3.5
2014,Angola,3.5
2014,Brunei,3.5
2014,Dominica,3.5
2014,Hong Kong,3.5
2014,Mauritius,3.5
2014,Panama,3.5
2015,Angola,3.5
2016,Bulgaria,3.5
2016,Guinea,3.5
2016,Qatar,3.5
2016,Tanzania,3.5
2017,Albania,3.5
2017,Angola,3.5
2017,Qatar,3.5
2017,Tanzania,3.5
2018,Albania,3.5
2018,Angola,3.5
2018,El Salvador,3.5
2018,Rwanda,3.5
2018,Sri Lanka,3.5
2018,Tanzania,3.5
2019,Angola,3.5
2019,Japan,3.5
2019,Niger,3.5
2019,Tanzania,3.5
2008,Luxembourg,3.4
2008,Nepal,3.4
2008,Niger,3.4
2008,Tajikistan,3.4
2009,Luxembourg,3.4
2009,Nepal,3.4
2009,Niger,3.4
2009,Tajikistan,3.4
2010,Chile,3.4
2010,Mauritius,3.4
2013,El Salvador,3.4
2013,Hong Kong,3.4
2014,Burkina Faso,3.4
2014,El Salvador,3.4
2015,Burkina Faso,3.4
2015,El Salvador,3.4
2016,Angola,3.4
2016,El Salvador,3.4
2017,Afghanistan,3.4
2017,El Salvador,3.4
2018,Dominica,3.4
2018,Iran,3.4
2019,Dominica,3.4
2008,Cameroon,3.3
2008,Montserrat,3.3
2008,Qatar,3.3
2008,Solomon Islands,3.3
2009,Cameroon,3.3
2009,Montserrat,3.3
2009,Qatar,3.3
2009,Solomon Islands,3.3
2010,Hong Kong,3.3
2010,Montserrat,3.3
2010,Qatar,3.3
2010,Uganda,3.3
2011,Montserrat,3.3
2011,Qatar,3.3
2012,Montserrat,3.3
2012,Qatar,3.3
2013,Brunei,3.3
2013,India,3.3
2013,Laos,3.3
2013,Singapore,3.3
2013,Uganda,3.3
2014,Albania,3.3
2014,Armenia,3.3
2014,Uganda,3.3
2015,Albania,3.3
2015,Macau,3.3
2015,Panama,3.3
2015,Peru,3.3
2015,Uganda,3.3
2016,Indonesia,3.3
2016,Mauritania,3.3
2016,Panama,3.3
2016,Turks And Caicos Islands,3.3
2017,Hong Kong,3.3
2017,Indonesia,3.3
2017,Laos,3.3
2017,Panama,3.3
2017,Turks And Caicos Islands,3.3
2018,Andorra,3.3
2018,Hong Kong,3.3
2018,Turks And Caicos Islands,3.3
2019,Hong Kong,3.3
2019,Turks And Caicos Islands,3.3
2008,Armenia,3.2
2008,Chile,3.2
2008,India,3.2
2009,Armenia,3.2
2009,Chile,3.2
2009,India,3.2
2010,Andorra,3.2
2010,British Virgin Islands,3.2
2010,Guatemala,3.2
2010,India,3.2
2010,Singapore,3.2
2011,Andorra,3.2
2011,British Virgin Islands,3.2
2011,Chad,3.2
2011,Georgia,3.2
2011,Guatemala,3.2
2011,Mauritius,3.2
2011,Uganda,3.2
2012,Andorra,3.2
2012,British Virgin Islands,3.2
2012,Chad,3.2
2012,Georgia,3.2
2012,Guatemala,3.2
2012,Mauritius,3.2
2012,Uganda,3.2
2013,Armenia,3.2
2013,Cameroon,3.2
2013,Cook Islands,3.2
2014,Cameroon,3.2
2014,Guyana,3.2
2014,India,3.2
2014,Trinidad And Tobago,3.2
2015,Guyana,3.2
2016,Guyana,3.2
2017,Guinea,3.2
2017,Guyana,3.2
2018,Afghanistan,3.2
2018,Guyana,3.2
2018,Panama,3.2
2019,Andorra,3.2
2019,Panama,3.2
2019,Rwanda,3.2
2008,El Salvador,3.1
2008,Georgia,3.1
2008,Madagascar,3.1
2008,Nicaragua,3.1
2009,El Salvador,3.1
2009,Georgia,3.1
2009,Madagascar,3.1
2009,Nicaragua,3.1
2010,Nicaragua,3.1
2011,India,3.1
2011,Nicaragua,3.1
2012,India,3.1
2012,Nicaragua,3.1
2013,Guinea,3.1
2013,Kazakhstan,3.1
2014,Cook Islands,3.1
2014,Kazakhstan,3.1
2015,Andorra,3.1
2015,Cook Islands,3.1
2015,Kazakhstan,3.1
2015,Romania,3.1
2016,Andorra,3.1
2016,Kazakhstan,3.1
2017,Andorra,3.1
2017,Kazakhstan,3.1
2018,Romania,3.1
2019,Cameroon,3.1
2019,"Gambia, The",3.1
2019,Macau,3.1
2019,Mali,3.1
2019,Namibia,3.1
2019,Romania,3.1
2008,Laos,3.0
2009,Laos,3.0
2010,Armenia,3.0
2011,Armenia,3.0
2011,Madagascar,3.0
2011,Singapore,3.0
2012,Armenia,3.0
2012,Madagascar,3.0
2012,Singapore,3.0
2013,Indonesia,3.0
2014,Guatemala,3.0
2014,Singapore,3.0
2015,Cameroon,3.0
2015,Turkmenistan,3.0
2016,Cameroon,3.0
2016,Iran,3.0
2016,Turkmenistan,3.0
2017,Cameroon,3.0
2017,Guatemala,3.0
2017,Turkmenistan,3.0
2018,Azerbaijan,3.0
2018,Kazakhstan,3.0
2018,Macau,3.0
2018,Turkmenistan,3.0
2019,Turkmenistan,3.0
2008,Albania,2.9
2008,Mauritania,2.9
2008,Uruguay,2.9
2009,Albania,2.9
2009,Mauritania,2.9
2009,Uruguay,2.9
2010,Albania,2.9
2010,Bahrain,2.9
2010,Cameroon,2.9
2010,Georgia,2.9
2010,Madagascar,2.9
2010,Pakistan,2.9
2010,Turkey,2.9
2010,Uruguay,2.9
2011,Bahrain,2.9
2011,Turkey,2.9
2011,Uruguay,2.9
2012,Bahrain,2.9
2012,Turkey,2.9
2012,Uruguay,2.9
2013,Andorra,2.9
2013,Bahrain,2.9
2013,Chad,2.9
2013,Turkey,2.9
2013,Uruguay,2.9
2014,Sierra Leone,2.9
2014,Turkey,2.9
2015,Sierra Leone,2.9
2015,Singapore,2.9
2015,Turkey,2.9
2016,Chad,2.9
2016,Romania,2.9
2016,Singapore,2.9
2016,Turkey,2.9
2017,Chad,2.9
2017,Iran,2.9
2017,Mauritania,2.9
2017,Romania,2.9
2017,Singapore,2.9
2018,Chad,2.9
2018,Laos,2.9
2018,Sierra Leone,2.9
2018,Singapore,2.9
2019,Azerbaijan,2.9
2019,Chad,2.9
2019,Kazakhstan,2.9
2019,Laos,2.9
2019,Qatar,2.9
2019,Singapore,2.9
2008,Cayman Islands,2.8
2009,Cayman Islands,2.8
2010,Kazakhstan,2.8
2011,Azerbaijan,2.8
2011,Indonesia,2.8
2011,Kazakhstan,2.8
2011,Philippines,2.8
2012,Azerbaijan,2.8
2012,Indonesia,2.8
2012,Kazakhstan,2.8
2012,Philippines,2.8
2013,Azerbaijan,2.8
2013,Guatemala,2.8
2013,Liberia,2.8
2013,Madagascar,2.8
2014,Anguilla,2.8
2014,Indonesia,2.8
2014,Laos,2.8
2014,Liberia,2.8
2014,Peru,2.8
2015,Anguilla,2.8
2015,Guatemala,2.8
2015,Laos,2.8
2015,Liberia,2.8
2016,Anguilla,2.8
2016,"Gambia, The",2.8
2016,Guatemala,2.8
2016,Liberia,2.8
2016,Sierra Leone,2.8
2017,Anguilla,2.8
2017,Armenia,2.8
2017,"Gambia, The",2.8
2017,Liberia,2.8
2018,Anguilla,2.8
2018,Armenia,2.8
2018,Cameroon,2.8
2018,"Gambia, The",2.8
2018,Guatemala,2.8
2018,Liberia,2.8
2018,Pakistan,2.8
2018,Saint Kitts And Nevis,2.8
2019,Armenia,2.8
2019,Guatemala,2.8
2019,Madagascar,2.8
2019,Pakistan,2.8
2019,Saint Kitts And Nevis,2.8
2019,Sri Lanka,2.8
2008,Bangladesh,2.7
2008,Lebanon,2.7
2008,Libya,2.7
2009,Bangladesh,2.7
2009,Lebanon,2.7
2009,Libya,2.7
2010,Liberia,2.7
2010,Libya,2.7
2010,Peru,2.7
2011,Antigua And Barbuda,2.7
2011,Liberia,2.7
2011,Pakistan,2.7
2011,Peru,2.7
2012,Antigua And Barbuda,2.7
2012,Liberia,2.7
2012,Pakistan,2.7
2012,Peru,2.7
2013,Georgia,2.7
2013,Philippines,2.7
2014,Macau,2.7
2014,Madagascar,2.7
2014,Philippines,2.7
2015,Bahrain,2.7
2015,Madagascar,2.7
2015,Philippines,2.7
2016,Philippines,2.7
2017,Gabon,2.7
2017,Pakistan,2.7
2017,Philippines,2.7
2017,Sierra Leone,2.7
2018,Bahrain,2.7
2018,Gabon,2.7
2018,Philippines,2.7
2019,Gabon,2.7
2019,Philippines,2.7
2019,Timor-Leste,2.7
2008,Guatemala,2.6
2008,Pakistan,2.6
2008,Togo,2.6
2009,Guatemala,2.6
2009,Pakistan,2.6
2009,Togo,2.6
2010,Angola,2.6
2010,Cayman Islands,2.6
2010,Philippines,2.6
2011,Angola,2.6
2011,Bermuda,2.6
2011,Cayman Islands,2.6
2012,Angola,2.6
2012,Bermuda,2.6
2012,Cayman Islands,2.6
2013,Bermuda,2.6
2013,Cambodia,2.6
2013,Macau,2.6
2013,Peru,2.6
2014,Bahrain,2.6
2014,Bermuda,2.6
2014,Cambodia,2.6
2015,Antigua And Barbuda,2.6
2015,Bermuda,2.6
2015,Cambodia,2.6
2015,Lebanon,2.6
2016,Antigua And Barbuda,2.6
2016,Bahrain,2.6
2016,Lebanon,2.6
2016,Liechtenstein,2.6
2017,Antigua And Barbuda,2.6
2017,Azerbaijan,2.6
2017,Bahrain,2.6
2017,Lebanon,2.6
2017,Liechtenstein,2.6
2018,Liechtenstein,2.6
2018,Mauritania,2.6
2019,Liechtenstein,2.6
2019,Mauritania,2.6
2019,Uganda,2.6
2008,Peru,2.5
2008,Philippines,2.5
2009,Peru,2.5
2009,Philippines,2.5
2013,Antigua And Barbuda,2.5
2013,"Congo, Democratic Republic Of The",2.5
2013,Qatar,2.5
2013,Zimbabwe,2.5
2014,"Congo, Democratic Republic Of The",2.5
2014,Guinea,2.5
2014,Qatar,2.5
2014,Zimbabwe,2.5
2015,Guinea,2.5
2015,Pakistan,2.5
2016,Azerbaijan,2.5
2016,Pakistan,2.5
2018,Antigua And Barbuda,2.5
2018,Bangladesh,2.5
2018,Lebanon,2.5
2019,Antigua And Barbuda,2.5
2019,Lebanon,2.5
2008,Angola,2.4
2008,Eritrea,2.4
2008,Macau,2.4
2009,Angola,2.4
2009,Eritrea,2.4
2009,Macau,2.4
2010,Bangladesh,2.4
2011,Bangladesh,2.4
2011,Guinea,2.4
2012,Bangladesh,2.4
2012,Guinea,2.4
2013,Pakistan,2.4
2014,Antigua And Barbuda,2.4
2014,Azerbaijan,2.4
2015,Azerbaijan,2.4
2015,Qatar,2.4
2016,Guinea-Bissau,2.4
2016,San Marino,2.4
2017,San Marino,2.4
2018,Guinea,2.4
2018,San Marino,2.4
2019,Haiti,2.4
2019,San Marino,2.4
2008,Andorra,2.3
2008,Kazakhstan,2.3
2009,Andorra,2.3
2009,Kazakhstan,2.3
2010,Laos,2.3
2011,Dominican Republic,2.3
2011,Laos,2.3
2012,Dominican Republic,2.3
2012,Laos,2.3
2014,Chad,2.3
2015,Armenia,2.3
2015,Chad,2.3
2018,"Congo, Democratic Republic Of The",2.3
2018,Uganda,2.3
2019,Bahrain,2.3
2008,Tanzania,2.2
2009,Tanzania,2.2
2010,Dominican Republic,2.2
2010,Macau,2.2
2010,Solomon Islands,2.2
2011,Macau,2.2
2012,Macau,2.2
2013,Bangladesh,2.2
2013,Dominican Republic,2.2
2014,Bangladesh,2.2
2014,Dominican Republic,2.2
2014,Lebanon,2.2
2015,Bangladesh,2.2
2015,Sudan,2.2
2016,Armenia,2.2
2016,"Congo, Democratic Republic Of The",2.2
2016,Sudan,2.2
2016,Uganda,2.2
2017,Bangladesh,2.2
2017,"Congo, Democratic Republic Of The",2.2
2017,Guinea-Bissau,2.2
2017,Sri Lanka,2.2
2017,Sudan,2.2
2018,Sudan,2.2
2019,Guinea,2.2
2019,Sudan,2.2
2008,Azerbaijan,2.1
2009,Azerbaijan,2.1
2011,Cambodia,2.1
2012,Cambodia,2.1
2013,Eritrea,2.1
2013,Liechtenstein,2.1
2014,Eritrea,2.1
2014,Liechtenstein,2.1
2014,Pakistan,2.1
2015,Eritrea,2.1
2015,Liechtenstein,2.1
2016,Dominican Republic,2.1
2016,Eritrea,2.1
2016,Macau,2.1
2016,Madagascar,2.1
2017,Dominican Republic,2.1
2017,Madagascar,2.1
2018,Guinea-Bissau,2.1
2018,Madagascar,2.1
2019,Guinea-Bissau,2.1
2008,"Gambia, The",2.0
2008,Zambia,2.0
2009,"Gambia, The",2.0
2009,Zambia,2.0
2010,Eritrea,2.0
2010,"Gambia, The",2.0
2010,Lebanon,2.0
2011,Eritrea,2.0
2011,"Gambia, The",2.0
2011,Liechtenstein,2.0
2012,Eritrea,2.0
2012,"Gambia, The",2.0
2012,Liechtenstein,2.0
2013,Sri Lanka,2.0
2014,Georgia,2.0
2015,Georgia,2.0
2015,Zimbabwe,2.0
2016,Bangladesh,2.0
2016,Cambodia,2.0
2016,Georgia,2.0
2016,Zimbabwe,2.0
2017,Georgia,2.0
2017,Macau,2.0
2008,Kiribati,17.8
2009,Kiribati,17.8
2010,Kiribati,17.8
2011,Timor-Leste,16.8
2012,Timor-Leste,16.8
2010,Cuba,13.6
2011,Cuba,13.6
2012,Cuba,13.6
2008,Lesotho,13.0
2009,Lesotho,13.0
2013,Lesotho,13.0
2014,Lesotho,13.0
2015,Lesotho,13.0
2016,Lesotho,13.0
2017,Lesotho,13.0
2013,Cuba,12.9
2014,Cuba,12.8
2015,Cuba,12.8
2016,Cuba,12.8
2017,Cuba,12.8
2018,Cuba,12.8
2019,Cuba,12.8
2018,"Micronesia, Federated States Of",12.5
2019,"Micronesia, Federated States Of",12.5
2010,Lesotho,12.4
2011,Lesotho,12.4
2012,Lesotho,12.4
2010,Marshall Islands,12.3
2013,Marshall Islands,12.2
2014,Marshall Islands,12.2
2011,Marshall Islands,12.0
2012,Marshall Islands,12.0
2014,Kiribati,12.0
2008,Marshall Islands,11.8
2009,Marshall Islands,11.8
2013,Kiribati,11.6
2018,Lesotho,11.4
2011,Maldives,11.2
2012,Maldives,11.2
2008,Palau,10.3
2009,Palau,10.3
2010,Palau,10.3
2013,Palau,10.3
2018,Grenada,10.3
2019,Grenada,10.3
2013,Timor-Leste,10.1
2016,Solomon Islands,10.0
2017,Solomon Islands,10.0
2018,Solomon Islands,10.0
2008,Chad,1.9
2008,China,1.9
2008,"Congo, Republic Of The",1.9
2009,Chad,1.9
2009,China,1.9
2009,"Congo, Republic Of The",1.9
2010,Azerbaijan,1.9
2010,Chad,1.9
2010,China,1.9
2010,"Congo, Republic Of The",1.9
2011,"Congo, Republic Of The",1.9
2012,"Congo, Republic Of The",1.9
2017,Cambodia,1.9
2018,Cambodia,1.9
2019,Cambodia,1.9
2008,Vietnam,1.8
2009,Vietnam,1.8
2011,Lebanon,1.8
2012,Lebanon,1.8
2016,Bermuda,1.8
2018,South Sudan,1.8
2008,Cambodia,1.7
2009,Cambodia,1.7
2010,Guinea,1.7
2013,Lebanon,1.7
2014,Sri Lanka,1.7
2015,Sri Lanka,1.7
2017,Bermuda,1.7
2017,Uganda,1.7
2008,Guinea,1.6
2009,Guinea,1.6
2010,Cambodia,1.6
2014,Monaco,1.6
2015,"Congo, Democratic Republic Of The",1.6
2015,Monaco,1.6
2016,Sri Lanka,1.6
2018,Bermuda,1.5
2019,Bangladesh,1.5
2019,Bermuda,1.5
2019,"Congo, Democratic Republic Of The",1.5
2008,Central African Republic,1.4
2008,Haiti,1.4
2009,Central African Republic,1.4
2009,Haiti,1.4
2010,Haiti,1.4
2010,Zambia,1.4
2013,Zambia,1.4
2018,Monaco,1.4
2019,Monaco,1.4
2008,United Arab Emirates,1.3
2009,United Arab Emirates,1.3
2010,Central African Republic,1.3
2011,Central African Republic,1.3
2011,Zambia,1.3
2012,Central African Republic,1.3
2012,Zambia,1.3
2014,Zambia,1.3
2015,Zambia,1.3
2017,Gaza Strip,1.3
2017,West Bank,1.3
2008,Bermuda,1.2
2008,Burma,1.2
2009,Bermuda,1.2
2009,Burma,1.2
2010,Bermuda,1.2
2010,Burma,1.2
2011,Monaco,1.2
2011,United Arab Emirates,1.2
2012,Monaco,1.2
2012,United Arab Emirates,1.2
2013,Central African Republic,1.2
2013,Monaco,1.2
2014,Central African Republic,1.2
2015,Central African Republic,1.2
2016,Central African Republic,1.2
2017,Central African Republic,1.2
2018,Central African Republic,1.2
2019,Central African Republic,1.2
2013,United Arab Emirates,1.1
2016,Zambia,1.1
2017,Zambia,1.1
2018,Zambia,1.1
2008,Ecuador,1.0
2009,Ecuador,1.0
2010,Ecuador,1.0
2016,Monaco,1.0
2017,Monaco,1.0
2019,South Sudan,1.0
2008,Nigeria,0.9
2009,Nigeria,0.9
2010,Nigeria,0.9
2010,United Arab Emirates,0.9
2013,Burma,0.8
2014,Burma,0.8
2015,Burma,0.8
2016,South Sudan,0.8
2017,South Sudan,0.8
2018,Burma,0.8
2019,Burma,0.8
2015,South Sudan,0.7
2008,Equatorial Guinea,0.6
2009,Equatorial Guinea,0.6
2010,Equatorial Guinea,0.6
2011,Equatorial Guinea,0.6
2012,Equatorial Guinea,0.6
2013,Equatorial Guinea,0.6
2014,Equatorial Guinea,0.6
2008,Cook Islands,0.2
2009,Cook Islands,0.2
2010,Cook Islands,0.2
2007,Afghanistan,
2007,Akrotiri,
2007,Albania,
2007,Algeria,
2007,American Samoa,
2007,Andorra,
2007,Angola,
2007,Anguilla,
2007,Antarctica,
2007,Antigua And Barbuda,
2007,Arctic Ocean,
2007,Argentina,
2007,Armenia,
2007,Aruba,
2007,Ashmore And Cartier Islands,
2007,Atlantic Ocean,
2007,Australia,
2007,Austria,
2007,Azerbaijan,
2007,"Bahamas, The",
2007,Bahrain,
2007,Bangladesh,
2007,Barbados,
2007,Belarus,
2007,Belgium,
2007,Belize,
2007,Benin,
2007,Bermuda,
2007,Bhutan,
2007,Bolivia,
2007,Bosnia And Herzegovina,
2007,Botswana,
2007,Bouvet Island,
2007,Brazil,
2007,British Virgin Islands,
2007,Brunei,
2007,Bulgaria,
2007,Burkina Faso,
2007,Burma,
2007,Burundi,
2007,Cambodia,
2007,Cameroon,
2007,Canada,
2007,Cape Verde,
2007,Cayman Islands,
2007,Central African Republic,
2007,Chad,
2007,Chile,
2007,China,
2007,Christmas Island,
2007,Clipperton Island,
2007,Cocos (Keeling) Islands,
2007,Colombia,
2007,Comoros,
2007,"Congo, Democratic Republic Of The",
2007,"Congo, Republic Of The",
2007,Cook Islands,
2007,Coral Sea Islands,
2007,Costa Rica,
2007,Cote D'Ivoire,
2007,Croatia,
2007,Cuba,
2007,Cyprus,
2007,Czech Republic,
2007,Denmark,
2007,Dhekelia,
2007,Djibouti,
2007,Dominica,
2007,Dominican Republic,
2007,Ecuador,
2007,Egypt,
2007,El Salvador,
2007,Equatorial Guinea,
2007,Eritrea,
2007,Estonia,
2007,Ethiopia,
2007,Falkland Islands (Islas Malvinas),
2007,Faroe Islands,
2007,Fiji,
2007,Finland,
2007,France,
2007,French Polynesia,
2007,Gabon,
2007,"Gambia, The",
2007,Gaza Strip,
2007,Georgia,
2007,Germany,
2007,Ghana,
2007,Gibraltar,
2007,Greece,
2007,Greenland,
2007,Grenada,
2007,Guam,
2007,Guatemala,
2007,Guernsey,
2007,Guinea,
2007,Guinea-Bissau,
2007,Guyana,
2007,Haiti,
2007,Heard Island And Mcdonald Islands,
2007,Holy See (Vatican City),
2007,Honduras,
2007,Hong Kong,
2007,Hungary,
2007,Iceland,
2007,India,
2007,Indian Ocean,
2007,Indonesia,
2007,Iran,
2007,Iraq,
2007,Ireland,
2007,Isle Of Man,
2007,Israel,
2007,Italy,
2007,Jamaica,
2007,Jan Mayen,
2007,Japan,
2007,Jersey,
2007,Jordan,
2007,Kazakhstan,
2007,Kenya,
2007,Kiribati,
2007,"Korea, North",
2007,"Korea, South",
2007,Kuwait,
2007,Kyrgyzstan,
2007,Laos,
2007,Latvia,
2007,Lebanon,
2007,Lesotho,
2007,Liberia,
2007,Libya,
2007,Liechtenstein,
2007,Lithuania,
2007,Luxembourg,
2007,Macau,
2007,Macedonia,
2007,Madagascar,
2007,Malawi,
2007,Malaysia,
2007,Maldives,
2007,Mali,
2007,Malta,
2007,Marshall Islands,
2007,Mauritania,
2007,Mauritius,
2007,Mayotte,
2007,Mexico,
2007,"Micronesia, Federated States Of",
2007,Moldova,
2007,Monaco,
2007,Mongolia,
2007,Montenegro,
2007,Montserrat,
2007,Morocco,
2007,Mozambique,
2007,Namibia,
2007,Nauru,
2007,Navassa Island,
2007,Nepal,
2007,Netherlands,
2007,Netherlands Antilles,
2007,New Caledonia,
2007,New Zealand,
2007,Nicaragua,
2007,Niger,
2007,Nigeria,
2007,Niue,
2007,Norfolk Island,
2007,Northern Mariana Islands,
2007,Norway,
2007,Oman,
2007,Pacific Ocean,
2007,Pakistan,
2007,Palau,
2007,Panama,
2007,Papua New Guinea,
2007,Paracel Islands,
2007,Paraguay,
2007,Peru,
2007,Philippines,
2007,Pitcairn Islands,
2007,Poland,
2007,Portugal,
2007,Puerto Rico,
2007,Qatar,
2007,Romania,
2007,Russia,
2007,Rwanda,
2007,Saint Barthelemy,
2007,Saint Kitts And Nevis,
2007,Saint Lucia,
2007,Saint Martin,
2007,Saint Pierre And Miquelon,
2007,Saint Vincent And The Grenadines,
2007,Samoa,
2007,San Marino,
2007,Sao Tome And Principe,
2007,Saudi Arabia,
2007,Senegal,
2007,Serbia,
2007,Seychelles,
2007,Sierra Leone,
2007,Singapore,
2007,Slovakia,
2007,Slovenia,
2007,Solomon Islands,
2007,Somalia,
2007,South Africa,
2007,South Georgia And The South Sandwich Islands,
2007,Spain,
2007,Spratly Islands,
2007,Sri Lanka,
2007,Sudan,
2007,Suriname,
2007,Svalbard,
2007,Swaziland,
2007,Sweden,
2007,Switzerland,
2007,Syria,
2007,Tajikistan,
2007,Tanzania,
2007,Thailand,
2007,Timor-Leste,
2007,Togo,
2007,Tokelau,
2007,Tonga,
2007,Trinidad And Tobago,
2007,Tunisia,
2007,Turkey,
2007,Turkmenistan,
2007,Turks And Caicos Islands,
2007,Tuvalu,
2007,Uganda,
2007,Ukraine,
2007,United Arab Emirates,
2007,United Kingdom,
2007,United States,
2007,Uruguay,
2007,Uzbekistan,
2007,Vanuatu,
2007,Venezuela,
2007,Vietnam,
2007,Virgin Islands,
2007,Wake Island,
2007,Wallis And Futuna,
2007,West Bank,
2007,Western Sahara,
2007,Yemen,
2007,Zambia,
2007,Zimbabwe,
2007,Taiwan,
2008,Afghanistan,
2008,Akrotiri,
2008,American Samoa,
2008,Antarctica,
2008,Arctic Ocean,
2008,Ashmore And Cartier Islands,
2008,Atlantic Ocean,
2008,Bosnia And Herzegovina,
2008,Bouvet Island,
2008,Christmas Island,
2008,Clipperton Island,
2008,Cocos (Keeling) Islands,
2008,"Congo, Democratic Republic Of The",
2008,Coral Sea Islands,
2008,Dhekelia,
2008,Falkland Islands (Islas Malvinas),
2008,Faroe Islands,
2008,French Polynesia,
2008,Gaza Strip,
2008,Gibraltar,
2008,Greenland,
2008,Guam,
2008,Guernsey,
2008,Heard Island And Mcdonald Islands,
2008,Holy See (Vatican City),
2008,Indian Ocean,
2008,Iraq,
2008,Isle Of Man,
2008,Jan Mayen,
2008,Jersey,
2008,"Korea, North",
2008,Kosovo,
2008,Liberia,
2008,Liechtenstein,
2008,Mayotte,
2008,Montenegro,
2008,Morocco,
2008,Nauru,
2008,Navassa Island,
2008,New Caledonia,
2008,Niue,
2008,Norfolk Island,
2008,Northern Mariana Islands,
2008,Pacific Ocean,
2008,Papua New Guinea,
2008,Paracel Islands,
2008,Pitcairn Islands,
2008,Puerto Rico,
2008,Saint Barthelemy,
2008,Saint Martin,
2008,Saint Pierre And Miquelon,
2008,San Marino,
2008,Sao Tome And Principe,
2008,Serbia,
2008,Somalia,
2008,South Georgia And The South Sandwich Islands,
2008,Spratly Islands,
2008,Sri Lanka,
2008,Suriname,
2008,Svalbard,
2008,Timor-Leste,
2008,Tokelau,
2008,Turks And Caicos Islands,
2008,Tuvalu,
2008,Virgin Islands,
2008,Wake Island,
2008,Wallis And Futuna,
2008,West Bank,
2008,Western Sahara,
2008,Taiwan,
2009,Afghanistan,
2009,Akrotiri,
2009,American Samoa,
2009,Antarctica,
2009,Arctic Ocean,
2009,Ashmore And Cartier Islands,
2009,Atlantic Ocean,
2009,Bosnia And Herzegovina,
2009,Bouvet Island,
2009,Christmas Island,
2009,Clipperton Island,
2009,Cocos (Keeling) Islands,
2009,"Congo, Democratic Republic Of The",
2009,Coral Sea Islands,
2009,Dhekelia,
2009,Falkland Islands (Islas Malvinas),
2009,Faroe Islands,
2009,French Polynesia,
2009,Gaza Strip,
2009,Gibraltar,
2009,Greenland,
2009,Guam,
2009,Guernsey,
2009,Heard Island And Mcdonald Islands,
2009,Holy See (Vatican City),
2009,Indian Ocean,
2009,Iraq,
2009,Isle Of Man,
2009,Jan Mayen,
2009,Jersey,
2009,"Korea, North",
2009,Kosovo,
2009,Liberia,
2009,Liechtenstein,
2009,Mayotte,
2009,Montenegro,
2009,Morocco,
2009,Nauru,
2009,Navassa Island,
2009,New Caledonia,
2009,Niue,
2009,Norfolk Island,
2009,Northern Mariana Islands,
2009,Pacific Ocean,
2009,Papua New Guinea,
2009,Paracel Islands,
2009,Pitcairn Islands,
2009,Puerto Rico,
2009,Saint Barthelemy,
2009,Saint Martin,
2009,Saint Pierre And Miquelon,
2009,San Marino,
2009,Sao Tome And Principe,
2009,Serbia,
2009,Somalia,
2009,South Georgia And South Sandwich Islands,
2009,Spratly Islands,
2009,Sri Lanka,
2009,Suriname,
2009,Svalbard,
2009,Timor-Leste,
2009,Tokelau,
2009,Turks And Caicos Islands,
2009,Tuvalu,
2009,Virgin Islands,
2009,Wake Island,
2009,Wallis And Futuna,
2009,West Bank,
2009,Western Sahara,
2009,Taiwan,
2010,Afghanistan,
2010,Akrotiri,
2010,American Samoa,
2010,Antarctica,
2010,Arctic Ocean,
2010,Ashmore And Cartier Islands,
2010,Atlantic Ocean,
2010,Bosnia And Herzegovina,
2010,Bouvet Island,
2010,Christmas Island,
2010,Clipperton Island,
2010,Cocos (Keeling) Islands,
2010,"Congo, Democratic Republic Of The",
2010,Coral Sea Islands,
2010,Curacao,
2010,Dhekelia,
2010,Falkland Islands (Islas Malvinas),
2010,Faroe Islands,
2010,French Polynesia,
2010,Gaza Strip,
2010,Gibraltar,
2010,Greenland,
2010,Guam,
2010,Guernsey,
2010,Heard Island And Mcdonald Islands,
2010,Holy See (Vatican City),
2010,Indian Ocean,
2010,Iraq,
2010,Isle Of Man,
2010,Jan Mayen,
2010,Jersey,
2010,"Korea, North",
2010,Kosovo,
2010,Liechtenstein,
2010,Mayotte,
2010,Montenegro,
2010,Nauru,
2010,Navassa Island,
2010,New Caledonia,
2010,Niue,
2010,Norfolk Island,
2010,Northern Mariana Islands,
2010,Pacific Ocean,
2010,Papua New Guinea,
2010,Paracel Islands,
2010,Pitcairn Islands,
2010,Puerto Rico,
2010,Saint Barthelemy,
2010,Saint Martin,
2010,Saint Pierre And Miquelon,
2010,San Marino,
2010,Sao Tome And Principe,
2010,Sint Maarten,
2010,Somalia,
2010,South Georgia And South Sandwich Islands,
2010,Spratly Islands,
2010,Sri Lanka,
2010,Suriname,
2010,Svalbard,
2010,Tokelau,
2010,Turks And Caicos Islands,
2010,Tuvalu,
2010,Virgin Islands,
2010,Wake Island,
2010,Wallis And Futuna,
2010,West Bank,
2010,Western Sahara,
2010,Taiwan,
2011,Afghanistan,
2011,Akrotiri,
2011,Albania,
2011,American Samoa,
2011,Antarctica,
2011,Arctic Ocean,
2011,Ashmore And Cartier Islands,
2011,Atlantic Ocean,
2011,"Bahamas, The",
2011,Bosnia And Herzegovina,
2011,Bouvet Island,
2011,Brunei,
2011,Burma,
2011,China,
2011,Christmas Island,
2011,Clipperton Island,
2011,Cocos (Keeling) Islands,
2011,"Congo, Democratic Republic Of The",
2011,Cook Islands,
2011,Coral Sea Islands,
2011,Curacao,
2011,Dhekelia,
2011,Ecuador,
2011,Falkland Islands (Islas Malvinas),
2011,Faroe Islands,
2011,French Polynesia,
2011,Gabon,
2011,Gaza Strip,
2011,Gibraltar,
2011,Greenland,
2011,Guam,
2011,Guernsey,
2011,Guinea-Bissau,
2011,Haiti,
2011,Heard Island And Mcdonald Islands,
2011,Holy See (Vatican City),
2011,Honduras,
2011,Indian Ocean,
2011,Iraq,
2011,Isle Of Man,
2011,Jan Mayen,
2011,Jersey,
2011,Jordan,
2011,Kiribati,
2011,"Korea, North",
2011,Libya,
2011,Luxembourg,
2011,Macedonia,
2011,"Micronesia, Federated States Of",
2011,Montenegro,
2011,Nauru,
2011,Navassa Island,
2011,New Caledonia,
2011,Nigeria,
2011,Niue,
2011,Norfolk Island,
2011,Northern Mariana Islands,
2011,Pacific Ocean,
2011,Palau,
2011,Papua New Guinea,
2011,Paracel Islands,
2011,Pitcairn Islands,
2011,Puerto Rico,
2011,Saint Barthelemy,
2011,Saint Martin,
2011,Saint Pierre And Miquelon,
2011,San Marino,
2011,Sao Tome And Principe,
2011,Sint Maarten,
2011,Solomon Islands,
2011,Somalia,
2011,South Georgia And South Sandwich Islands,
2011,South Sudan,
2011,Spratly Islands,
2011,Sri Lanka,
2011,Sudan,
2011,Suriname,
2011,Svalbard,
2011,Taiwan,
2011,Tokelau,
2011,Trinidad And Tobago,
2011,Turkmenistan,
2011,Turks And Caicos Islands,
2011,Tuvalu,
2011,Uzbekistan,
2011,Virgin Islands,
2011,Wake Island,
2011,Wallis And Futuna,
2011,West Bank,
2011,Western Sahara,
2011,Zimbabwe,
2012,Afghanistan,
2012,Akrotiri,
2012,Albania,
2012,American Samoa,
2012,Antarctica,
2012,Arctic Ocean,
2012,Ashmore And Cartier Islands,
2012,Atlantic Ocean,
2012,"Bahamas, The",
2012,Bosnia And Herzegovina,
2012,Bouvet Island,
2012,Brunei,
2012,Burma,
2012,China,
2012,Christmas Island,
2012,Clipperton Island,
2012,Cocos (Keeling) Islands,
2012,"Congo, Democratic Republic Of The",
2012,Cook Islands,
2012,Coral Sea Islands,
2012,Curacao,
2012,Dhekelia,
2012,Ecuador,
2012,Falkland Islands (Islas Malvinas),
2012,Faroe Islands,
2012,French Polynesia,
2012,Gabon,
2012,Gaza Strip,
2012,Gibraltar,
2012,Greenland,
2012,Guam,
2012,Guernsey,
2012,Guinea-Bissau,
2012,Haiti,
2012,Heard Island And Mcdonald Islands,
2012,Holy See (Vatican City),
2012,Honduras,
2012,Indian Ocean,
2012,Iraq,
2012,Isle Of Man,
2012,Jan Mayen,
2012,Jersey,
2012,Jordan,
2012,Kiribati,
2012,"Korea, North",
2012,Libya,
2012,Luxembourg,
2012,Macedonia,
2012,"Micronesia, Federated States Of",
2012,Montenegro,
2012,Nauru,
2012,Navassa Island,
2012,New Caledonia,
2012,Nigeria,
2012,Niue,
2012,Norfolk Island,
2012,Northern Mariana Islands,
2012,Pacific Ocean,
2012,Palau,
2012,Papua New Guinea,
2012,Paracel Islands,
2012,Pitcairn Islands,
2012,Puerto Rico,
2012,Saint Barthelemy,
2012,Saint Martin,
2012,Saint Pierre And Miquelon,
2012,San Marino,
2012,Sao Tome And Principe,
2012,Sint Maarten,
2012,Solomon Islands,
2012,Somalia,
2012,South Georgia And South Sandwich Islands,
2012,South Sudan,
2012,Spratly Islands,
2012,Sri Lanka,
2012,Sudan,
2012,Suriname,
2012,Svalbard,
2012,Taiwan,
2012,Tokelau,
2012,Trinidad And Tobago,
2012,Turkmenistan,
2012,Turks And Caicos Islands,
2012,Tuvalu,
2012,Uzbekistan,
2012,Virgin Islands,
2012,Wake Island,
2012,Wallis And Futuna,
2012,West Bank,
2012,Western Sahara,
2012,Zimbabwe,
2013,Afghanistan,
2013,Akrotiri,
2013,Albania,
2013,American Samoa,
2013,Antarctica,
2013,Arctic Ocean,
2013,Ashmore And Cartier Islands,
2013,Atlantic Ocean,
2013,"Bahamas, The",
2013,Bosnia And Herzegovina,
2013,Bouvet Island,
2013,Cayman Islands,
2013,China,
2013,Christmas Island,
2013,Clipperton Island,
2013,Cocos (Keeling) Islands,
2013,Coral Sea Islands,
2013,Curacao,
2013,Dhekelia,
2013,Falkland Islands (Islas Malvinas),
2013,Faroe Islands,
2013,French Polynesia,
2013,Gabon,
2013,Gaza Strip,
2013,Gibraltar,
2013,Greenland,
2013,Guam,
2013,Guernsey,
2013,Guinea-Bissau,
2013,Haiti,
2013,Heard Island And Mcdonald Islands,
2013,Holy See (Vatican City),
2013,Honduras,
2013,Indian Ocean,
2013,Iraq,
2013,Isle Of Man,
2013,Jan Mayen,
2013,Jersey,
2013,Jordan,
2013,"Korea, North",
2013,Libya,
2013,Macedonia,
2013,"Micronesia, Federated States Of",
2013,Montenegro,
2013,Nauru,
2013,Navassa Island,
2013,New Caledonia,
2013,Nigeria,
2013,Niue,
2013,Norfolk Island,
2013,Northern Mariana Islands,
2013,Pacific Ocean,
2013,Papua New Guinea,
2013,Paracel Islands,
2013,Pitcairn Islands,
2013,Puerto Rico,
2013,Saint Barthelemy,
2013,Saint Martin,
2013,Saint Pierre And Miquelon,
2013,San Marino,
2013,Sao Tome And Principe,
2013,Sint Maarten,
2013,Somalia,
2013,South Georgia And South Sandwich Islands,
2013,South Sudan,
2013,Spratly Islands,
2013,Sudan,
2013,Suriname,
2013,Svalbard,
2013,Taiwan,
2013,Tokelau,
2013,Trinidad And Tobago,
2013,Turkmenistan,
2013,Turks And Caicos Islands,
2013,Tuvalu,
2013,Uzbekistan,
2013,Virgin Islands,
2013,Wake Island,
2013,Wallis And Futuna,
2013,West Bank,
2013,Western Sahara,
2014,Afghanistan,
2014,Akrotiri,
2014,American Samoa,
2014,Andorra,
2014,Antarctica,
2014,Arctic Ocean,
2014,Ashmore And Cartier Islands,
2014,Atlantic Ocean,
2014,"Bahamas, The",
2014,Bosnia And Herzegovina,
2014,Bouvet Island,
2014,Cayman Islands,
2014,China,
2014,Christmas Island,
2014,Clipperton Island,
2014,Cocos (Keeling) Islands,
2014,Coral Sea Islands,
2014,Curacao,
2014,Dhekelia,
2014,Falkland Islands (Islas Malvinas),
2014,Faroe Islands,
2014,French Polynesia,
2014,Gabon,
2014,Gaza Strip,
2014,Gibraltar,
2014,Greenland,
2014,Guam,
2014,Guernsey,
2014,Guinea-Bissau,
2014,Haiti,
2014,Heard Island And Mcdonald Islands,
2014,Holy See (Vatican City),
2014,Honduras,
2014,Indian Ocean,
2014,Iraq,
2014,Isle Of Man,
2014,Jan Mayen,
2014,Jersey,
2014,Jordan,
2014,"Korea, North",
2014,Libya,
2014,Macedonia,
2014,"Micronesia, Federated States Of",
2014,Montenegro,
2014,Montserrat,
2014,Nauru,
2014,Navassa Island,
2014,New Caledonia,
2014,Nigeria,
2014,Niue,
2014,Norfolk Island,
2014,Northern Mariana Islands,
2014,Pacific Ocean,
2014,Papua New Guinea,
2014,Paracel Islands,
2014,Pitcairn Islands,
2014,Puerto Rico,
2014,Saint Barthelemy,
2014,Saint Martin,
2014,Saint Pierre And Miquelon,
2014,San Marino,
2014,Sint Maarten,
2014,Somalia,
2014,South Georgia And South Sandwich Islands,
2014,South Sudan,
2014,Spratly Islands,
2014,Sudan,
2014,Suriname,
2014,Svalbard,
2014,Taiwan,
2014,Tokelau,
2014,Turkmenistan,
2014,Turks And Caicos Islands,
2014,Tuvalu,
2014,United Arab Emirates,
2014,Uzbekistan,
2014,Virgin Islands,
2014,Wake Island,
2014,Wallis And Futuna,
2014,West Bank,
2014,Western Sahara,
2015,Afghanistan,
2015,Akrotiri,
2015,American Samoa,
2015,Antarctica,
2015,Arctic Ocean,
2015,Ashmore And Cartier Islands,
2015,Atlantic Ocean,
2015,"Bahamas, The",
2015,Bosnia And Herzegovina,
2015,Bouvet Island,
2015,Cayman Islands,
2015,China,
2015,Christmas Island,
2015,Clipperton Island,
2015,Cocos (Keeling) Islands,
2015,Coral Sea Islands,
2015,Curacao,
2015,Dhekelia,
2015,Dominica,
2015,Equatorial Guinea,
2015,Falkland Islands (Islas Malvinas),
2015,Faroe Islands,
2015,French Polynesia,
2015,Gabon,
2015,Gaza Strip,
2015,Gibraltar,
2015,Greenland,
2015,Grenada,
2015,Guam,
2015,Guernsey,
2015,Guinea-Bissau,
2015,Haiti,
2015,Heard Island And Mcdonald Islands,
2015,Holy See (Vatican City),
2015,Honduras,
2015,Indian Ocean,
2015,Iraq,
2015,Isle Of Man,
2015,Jan Mayen,
2015,Jersey,
2015,Jordan,
2015,Kiribati,
2015,"Korea, North",
2015,Kosovo,
2015,Libya,
2015,Luxembourg,
2015,Macedonia,
2015,Marshall Islands,
2015,"Micronesia, Federated States Of",
2015,Montenegro,
2015,Montserrat,
2015,Nauru,
2015,Navassa Island,
2015,New Caledonia,
2015,Nigeria,
2015,Niue,
2015,Norfolk Island,
2015,Northern Mariana Islands,
2015,Pacific Ocean,
2015,Palau,
2015,Papua New Guinea,
2015,Paracel Islands,
2015,Pitcairn Islands,
2015,Puerto Rico,
2015,Saint Barthelemy,
2015,Saint Martin,
2015,Saint Pierre And Miquelon,
2015,San Marino,
2015,Sint Maarten,
2015,Somalia,
2015,South Georgia And South Sandwich Islands,
2015,Spratly Islands,
2015,Suriname,
2015,Svalbard,
2015,Taiwan,
2015,Tokelau,
2015,Tonga,
2015,Trinidad And Tobago,
2015,Turks And Caicos Islands,
2015,Tuvalu,
2015,United Arab Emirates,
2015,Uzbekistan,
2015,Virgin Islands,
2015,Wake Island,
2015,Wallis And Futuna,
2015,West Bank,
2015,Western Sahara,
2016,Afghanistan,
2016,Akrotiri,
2016,American Samoa,
2016,Antarctica,
2016,Arctic Ocean,
2016,Ashmore And Cartier Islands,
2016,Atlantic Ocean,
2016,"Bahamas, The",
2016,Bosnia And Herzegovina,
2016,Bouvet Island,
2016,Burma,
2016,Cayman Islands,
2016,China,
2016,Christmas Island,
2016,Clipperton Island,
2016,Cocos (Keeling) Islands,
2016,Coral Sea Islands,
2016,Dhekelia,
2016,Dominica,
2016,Equatorial Guinea,
2016,Falkland Islands (Islas Malvinas),
2016,Faroe Islands,
2016,French Polynesia,
2016,Gabon,
2016,Gaza Strip,
2016,Gibraltar,
2016,Greenland,
2016,Grenada,
2016,Guam,
2016,Guernsey,
2016,Haiti,
2016,Heard Island And Mcdonald Islands,
2016,Holy See (Vatican City),
2016,Indian Ocean,
2016,Iraq,
2016,Isle Of Man,
2016,Jan Mayen,
2016,Jersey,
2016,Jordan,
2016,Kiribati,
2016,"Korea, North",
2016,Kosovo,
2016,Libya,
2016,Luxembourg,
2016,Macedonia,
2016,Marshall Islands,
2016,"Micronesia, Federated States Of",
2016,Montenegro,
2016,Nauru,
2016,Navassa Island,
2016,New Caledonia,
2016,Nigeria,
2016,Niue,
2016,Norfolk Island,
2016,Northern Mariana Islands,
2016,Pacific Ocean,
2016,Palau,
2016,Papua New Guinea,
2016,Paracel Islands,
2016,Pitcairn Islands,
2016,Saint Barthelemy,
2016,Saint Martin,
2016,Saint Pierre And Miquelon,
2016,Sint Maarten,
2016,Somalia,
2016,South Georgia And South Sandwich Islands,
2016,Spratly Islands,
2016,Suriname,
2016,Svalbard,
2016,Taiwan,
2016,Tokelau,
2016,Tonga,
2016,Trinidad And Tobago,
2016,Tuvalu,
2016,United Arab Emirates,
2016,Uzbekistan,
2016,Virgin Islands,
2016,Wake Island,
2016,Wallis And Futuna,
2016,West Bank,
2016,Western Sahara,
2017,Akrotiri,
2017,American Samoa,
2017,Antarctica,
2017,Arctic Ocean,
2017,Ashmore And Cartier Islands,
2017,Atlantic Ocean,
2017,"Bahamas, The",
2017,Bosnia And Herzegovina,
2017,Bouvet Island,
2017,Burma,
2017,Cayman Islands,
2017,China,
2017,Christmas Island,
2017,Clipperton Island,
2017,Cocos (Keeling) Islands,
2017,Coral Sea Islands,
2017,Dhekelia,
2017,Dominica,
2017,Equatorial Guinea,
2017,Eritrea,
2017,Falkland Islands (Islas Malvinas),
2017,Faroe Islands,
2017,French Polynesia,
2017,Gibraltar,
2017,Greece,
2017,Greenland,
2017,Grenada,
2017,Guam,
2017,Guernsey,
2017,Haiti,
2017,Heard Island And Mcdonald Islands,
2017,Holy See (Vatican City),
2017,Indian Ocean,
2017,Iraq,
2017,Isle Of Man,
2017,Jan Mayen,
2017,Jersey,
2017,Jordan,
2017,Kiribati,
2017,"Korea, North",
2017,Kosovo,
2017,Kuwait,
2017,Libya,
2017,Macedonia,
2017,Marshall Islands,
2017,"Micronesia, Federated States Of",
2017,Montenegro,
2017,Nauru,
2017,Navassa Island,
2017,New Caledonia,
2017,Nigeria,
2017,Niue,
2017,Norfolk Island,
2017,Northern Mariana Islands,
2017,Pacific Ocean,
2017,Palau,
2017,Papua New Guinea,
2017,Paracel Islands,
2017,Pitcairn Islands,
2017,Saint Barthelemy,
2017,Saint Martin,
2017,Saint Pierre And Miquelon,
2017,Sint Maarten,
2017,Somalia,
2017,South Georgia And South Sandwich Islands,
2017,Spratly Islands,
2017,Suriname,
2017,Svalbard,
2017,Taiwan,
2017,Tokelau,
2017,Tonga,
2017,Trinidad And Tobago,
2017,Tuvalu,
2017,United Arab Emirates,
2017,Uzbekistan,
2017,Virgin Islands,
2017,Wake Island,
2017,Wallis And Futuna,
2017,Western Sahara,
2018,Akrotiri,
2018,American Samoa,
2018,Antarctica,
2018,Arctic Ocean,
2018,Ashmore And Cartier Islands,
2018,Atlantic Ocean,
2018,"Bahamas, The",
2018,Bosnia And Herzegovina,
2018,Bouvet Island,
2018,Cayman Islands,
2018,China,
2018,Christmas Island,
2018,Clipperton Island,
2018,Cocos (Keeling) Islands,
2018,Coral Sea Islands,
2018,Dhekelia,
2018,Dominican Republic,
2018,Equatorial Guinea,
2018,Eritrea,
2018,Falkland Islands (Islas Malvinas),
2018,Faroe Islands,
2018,French Polynesia,
2018,Gibraltar,
2018,Greece,
2018,Greenland,
2018,Guam,
2018,Guernsey,
2018,Haiti,
2018,Heard Island And Mcdonald Islands,
2018,Holy See (Vatican City),
2018,Indian Ocean,
2018,Iraq,
2018,Isle Of Man,
2018,Jan Mayen,
2018,Jersey,
2018,Kiribati,
2018,"Korea, North",
2018,Kosovo,
2018,Kuwait,
2018,Libya,
2018,Macedonia,
2018,Marshall Islands,
2018,Montenegro,
2018,Nauru,
2018,Navassa Island,
2018,New Caledonia,
2018,Nigeria,
2018,Niue,
2018,Norfolk Island,
2018,Northern Mariana Islands,
2018,Pacific Ocean,
2018,Palau,
2018,Papua New Guinea,
2018,Paracel Islands,
2018,Pitcairn Islands,
2018,Saint Barthelemy,
2018,Saint Martin,
2018,Saint Pierre And Miquelon,
2018,Sint Maarten,
2018,Somalia,
2018,South Georgia And South Sandwich Islands,
2018,Spratly Islands,
2018,Suriname,
2018,Svalbard,
2018,Taiwan,
2018,Tokelau,
2018,Tonga,
2018,Trinidad And Tobago,
2018,Tuvalu,
2018,United Arab Emirates,
2018,Uzbekistan,
2018,Virgin Islands,
2018,Wake Island,
2018,Wallis And Futuna,
2018,Western Sahara,
2019,Akrotiri,
2019,Algeria,
2019,American Samoa,
2019,Anguilla,
2019,Antarctica,
2019,Arctic Ocean,
2019,Ashmore And Cartier Islands,
2019,Atlantic Ocean,
2019,"Bahamas, The",
2019,Bosnia And Herzegovina,
2019,Bouvet Island,
2019,Cayman Islands,
2019,China,
2019,Christmas Island,
2019,Clipperton Island,
2019,Cocos (Keeling) Islands,
2019,Coral Sea Islands,
2019,Dhekelia,
2019,Dominican Republic,
2019,Egypt,
2019,Equatorial Guinea,
2019,Eritrea,
2019,Falkland Islands (Islas Malvinas),
2019,Faroe Islands,
2019,French Polynesia,
2019,Gibraltar,
2019,Greece,
2019,Greenland,
2019,Guam,
2019,Guernsey,
2019,Heard Island And Mcdonald Islands,
2019,Holy See (Vatican City),
2019,Indian Ocean,
2019,Iraq,
2019,Isle Of Man,
2019,Jan Mayen,
2019,Jersey,
2019,Kiribati,
2019,"Korea, North",
2019,Kosovo,
2019,Kuwait,
2019,Libya,
2019,Marshall Islands,
2019,Montenegro,
2019,Nauru,
2019,Navassa Island,
2019,New Caledonia,
2019,Nigeria,
2019,Niue,
2019,Norfolk Island,
2019,North Macedonia,
2019,Northern Mariana Islands,
2019,Pacific Ocean,
2019,Palau,
2019,Papua New Guinea,
2019,Paracel Islands,
2019,Pitcairn Islands,
2019,Saint Barthelemy,
2019,Saint Martin,
2019,Saint Pierre And Miquelon,
2019,Saudi Arabia,
2019,Sint Maarten,
2019,Somalia,
2019,South Georgia And South Sandwich Islands,
2019,Spratly Islands,
2019,Suriname,
2019,Svalbard,
2019,Taiwan,
2019,Tokelau,
2019,Tonga,
2019,Trinidad And Tobago,
2019,Tuvalu,
2019,United Arab Emirates,
2019,Virgin Islands,
2019,Wake Island,
2019,Wallis And Futuna,
2019,Western Sahara,
2019,Yemen,
2019,Zambia,
